{
  "tests": [
    {
      "name": "Setup",
      "setup": "",
      "run": "bash ./submission/setup.sh",
      "input": "",
      "output": "",
      "comparison": "exact",
      "timeout": 10,
      "points": null
    },
    {
      "name": "What is the hash of block 654,321?",
      "setup": "",
      "run": "bash ./submission/001.sh",
      "input": "",
      "output": "000000000000000000058452bbe379ad4364fe8fda68c45e299979b492858095",
      "comparison": "exact",
      "timeout": 10,
      "points": 1
    },
    {
      "name": "Verify the signature by this address over this message...",
      "setup": "",
      "run": "bash ./submission/002.sh",
      "input": "",
      "output": "false",
      "comparison": "exact",
      "timeout": 10,
      "points": 1
    },
    {
      "name": "How many new outputs were created by block 123,456?",
      "setup": "",
      "run": "bash ./submission/003.sh",
      "input": "",
      "output": "24",
      "comparison": "exact",
      "timeout": 10,
      "points": 1
    },
    {
      "name": "Using descriptors, compute the 100th taproot address derived from this extended public key...",
      "setup": "",
      "run": "bash ./submission/004.sh",
      "input": "",
      "output": "bc1p3yrtpvv6czx63h2sxwmeep8q98h94w4288fc4cvrkqephalydfgszgacf9",
      "comparison": "exact",
      "timeout": 10,
      "points": 1
    },
    {
      "name": "Create a 1-of-4 P2SH multisig address from the public keys in the four inputs of this tx...",
      "setup": "",
      "run": "bash ./submission/005.sh",
      "input": "",
      "output": "3GyWg1CCD3RDpbwCbuk9TTRQptkRfczDz8",
      "comparison": "exact",
      "timeout": 10,
      "points": 1
    },
    {
      "name": "Which tx in block 257,343 spends the coinbase output of block 256,128?",
      "setup": "",
      "run": "bash ./submission/006.sh",
      "input": "",
      "output": "c54714cb1373c2e3725261fe201f267280e21350bdf2df505da8483a6a4805fc",
      "comparison": "exact",
      "timeout": 10,
      "points": 1
    },
    {
      "name": "Only one single output remains unspent from block 123,321. What address was it sent to?",
      "setup": "",
      "run": "bash ./submission/007.sh",
      "input": "",
      "output": "1FPDNNmgwEnKuF7GQzSqUcVQdzSRhz4pgX",
      "comparison": "exact",
      "timeout": 10,
      "points": 1
    },
    {
      "name": "Which public key signed input 0 in this tx...",
      "setup": "",
      "run": "bash ./submission/008.sh",
      "input": "",
      "output": "025d524ac7ec6501d018d322334f142c7c11aa24b9cffec03161eca35a1e32a71f",
      "comparison": "exact",
      "timeout": 10,
      "points": 1
    }
  ]
}